id,predicted_target
PA6001,
PA6002,
PA6003,
PA6004,
PA6005,
PA6006,
PA6007,
PA6008,
PA6009,
PA6010,
PA6011,
PA6012,
PA6013,
PA6014,
PA6015,
PA6016,
PA6017,
PA6018,
PA6019,
PA6020,
PA6021,
PA6022,
PA6023,
PA6024,
PA6025,
PA6026,
PA6027,
PA6028,
PA6029,
PA6030,
PA6031,
PA6032,
PA6033,
PA6034,
PA6035,
PA6036,
PA6037,
PA6038,
PA6039,
PA6040,
PA6041,
PA6042,
PA6043,
PA6044,
PA6045,
PA6046,
PA6047,
PA6048,
PA6049,
PA6050,
PA6051,
PA6052,
PA6053,
PA6054,
PA6055,
PA6056,
PA6057,
PA6058,
PA6059,
PA6060,
PA6061,
PA6062,
PA6063,
PA6064,
PA6065,
PA6066,
PA6067,
PA6068,
PA6069,
PA6070,
PA6071,
PA6072,
PA6073,
PA6074,
PA6075,
PA6076,
PA6077,
PA6078,
PA6079,
PA6080,
PA6081,
PA6082,
PA6083,
PA6084,
PA6085,
PA6086,
PA6087,
PA6088,
PA6089,
PA6090,
PA6091,
PA6092,
PA6093,
PA6094,
PA6095,
PA6096,
PA6097,
PA6098,
PA6099,
PA6100,
PA6101,
PA6102,
PA6103,
PA6104,
PA6105,
PA6106,
PA6107,
PA6108,
PA6109,
PA6110,
PA6111,
PA6112,
PA6113,
PA6114,
PA6115,
PA6116,
PA6117,
PA6118,
PA6119,
PA6120,
PA6121,
PA6122,
PA6123,
PA6124,
PA6125,
PA6126,
PA6127,
PA6128,
PA6129,
PA6130,
PA6131,
PA6132,
PA6133,
PA6134,
PA6135,
PA6136,
PA6137,
PA6138,
PA6139,
PA6140,
PA6141,
PA6142,
PA6143,
PA6144,
PA6145,
PA6146,
PA6147,
PA6148,
PA6149,
PA6150,
PA6151,
PA6152,
PA6153,
PA6154,
PA6155,
PA6156,
PA6157,
PA6158,
PA6159,
PA6160,
PA6161,
PA6162,
PA6163,
PA6164,
PA6165,
PA6166,
PA6167,
PA6168,
PA6169,
PA6170,
PA6171,
PA6172,
PA6173,
PA6174,
PA6175,
PA6176,
PA6177,
PA6178,
PA6179,
PA6180,
PA6181,
PA6182,
PA6183,
PA6184,
PA6185,
PA6186,
PA6187,
PA6188,
PA6189,
PA6190,
PA6191,
PA6192,
PA6193,
PA6194,
PA6195,
PA6196,
PA6197,
PA6198,
PA6199,
PA6200,
PA6201,
PA6202,
PA6203,
PA6204,
PA6205,
PA6206,
PA6207,
PA6208,
PA6209,
PA6210,
PA6211,
PA6212,
PA6213,
PA6214,
PA6215,
PA6216,
PA6217,
PA6218,
PA6219,
PA6220,
PA6221,
PA6222,
PA6223,
PA6224,
PA6225,
PA6226,
PA6227,
PA6228,
PA6229,
PA6230,
PA6231,
PA6232,
PA6233,
PA6234,
PA6235,
PA6236,
PA6237,
PA6238,
PA6239,
PA6240,
PA6241,
PA6242,
PA6243,
PA6244,
PA6245,
PA6246,
PA6247,
PA6248,
PA6249,
PA6250,
PA6251,
PA6252,
PA6253,
PA6254,
PA6255,
PA6256,
PA6257,
PA6258,
PA6259,
PA6260,
PA6261,
PA6262,
PA6263,
PA6264,
PA6265,
PA6266,
PA6267,
PA6268,
PA6269,
PA6270,
PA6271,
PA6272,
PA6273,
PA6274,
PA6275,
PA6276,
PA6277,
PA6278,
PA6279,
PA6280,
PA6281,
PA6282,
PA6283,
PA6284,
PA6285,
PA6286,
PA6287,
PA6288,
PA6289,
PA6290,
PA6291,
PA6292,
PA6293,
PA6294,
PA6295,
PA6296,
PA6297,
PA6298,
PA6299,
PA6300,
PA6301,
PA6302,
PA6303,
PA6304,
PA6305,
PA6306,
PA6307,
PA6308,
PA6309,
PA6310,
PA6311,
PA6312,
PA6313,
PA6314,
PA6315,
PA6316,
PA6317,
PA6318,
PA6319,
PA6320,
PA6321,
PA6322,
PA6323,
PA6324,
PA6325,
PA6326,
PA6327,
PA6328,
PA6329,
PA6330,
PA6331,
PA6332,
PA6333,
PA6334,
PA6335,
PA6336,
PA6337,
PA6338,
PA6339,
PA6340,
PA6341,
PA6342,
PA6343,
PA6344,
PA6345,
PA6346,
PA6347,
PA6348,
PA6349,
PA6350,
PA6351,
PA6352,
PA6353,
PA6354,
PA6355,
PA6356,
PA6357,
PA6358,
PA6359,
PA6360,
PA6361,
PA6362,
PA6363,
PA6364,
PA6365,
PA6366,
PA6367,
PA6368,
PA6369,
PA6370,
PA6371,
PA6372,
PA6373,
PA6374,
PA6375,
PA6376,
PA6377,
PA6378,
PA6379,
PA6380,
PA6381,
PA6382,
PA6383,
PA6384,
PA6385,
PA6386,
PA6387,
PA6388,
PA6389,
PA6390,
PA6391,
PA6392,
PA6393,
PA6394,
PA6395,
PA6396,
PA6397,
PA6398,
PA6399,
PA6400,
PA6401,
PA6402,
PA6403,
PA6404,
PA6405,
PA6406,
PA6407,
PA6408,
PA6409,
PA6410,
PA6411,
PA6412,
PA6413,
PA6414,
PA6415,
PA6416,
PA6417,
PA6418,
PA6419,
PA6420,
PA6421,
PA6422,
PA6423,
PA6424,
PA6425,
PA6426,
PA6427,
PA6428,
PA6429,
PA6430,
PA6431,
PA6432,
PA6433,
PA6434,
PA6435,
PA6436,
PA6437,
PA6438,
PA6439,
PA6440,
PA6441,
PA6442,
PA6443,
PA6444,
PA6445,
PA6446,
PA6447,
PA6448,
PA6449,
PA6450,
PA6451,
PA6452,
PA6453,
PA6454,
PA6455,
PA6456,
PA6457,
PA6458,
PA6459,
PA6460,
PA6461,
PA6462,
PA6463,
PA6464,
PA6465,
PA6466,
PA6467,
PA6468,
PA6469,
PA6470,
PA6471,
PA6472,
PA6473,
PA6474,
PA6475,
PA6476,
PA6477,
PA6478,
PA6479,
PA6480,
PA6481,
PA6482,
PA6483,
PA6484,
PA6485,
PA6486,
PA6487,
PA6488,
PA6489,
PA6490,
PA6491,
PA6492,
PA6493,
PA6494,
PA6495,
PA6496,
PA6497,
PA6498,
PA6499,
PA6500,
PA6501,
PA6502,
PA6503,
PA6504,
PA6505,
PA6506,
PA6507,
PA6508,
PA6509,
PA6510,
PA6511,
PA6512,
PA6513,
PA6514,
PA6515,
PA6516,
PA6517,
PA6518,
PA6519,
PA6520,
PA6521,
PA6522,
PA6523,
PA6524,
PA6525,
PA6526,
PA6527,
PA6528,
PA6529,
PA6530,
PA6531,
PA6532,
PA6533,
PA6534,
PA6535,
PA6536,
PA6537,
PA6538,
PA6539,
PA6540,
PA6541,
PA6542,
PA6543,
PA6544,
PA6545,
PA6546,
PA6547,
PA6548,
PA6549,
PA6550,
PA6551,
PA6552,
PA6553,
PA6554,
PA6555,
PA6556,
PA6557,
PA6558,
PA6559,
PA6560,
PA6561,
PA6562,
PA6563,
PA6564,
PA6565,
PA6566,
PA6567,
PA6568,
PA6569,
PA6570,
PA6571,
PA6572,
PA6573,
PA6574,
PA6575,
PA6576,
PA6577,
PA6578,
PA6579,
PA6580,
PA6581,
PA6582,
PA6583,
PA6584,
PA6585,
PA6586,
PA6587,
PA6588,
PA6589,
PA6590,
PA6591,
PA6592,
PA6593,
PA6594,
PA6595,
PA6596,
PA6597,
PA6598,
PA6599,
PA6600,
PA6601,
PA6602,
PA6603,
PA6604,
PA6605,
PA6606,
PA6607,
PA6608,
PA6609,
PA6610,
PA6611,
PA6612,
PA6613,
PA6614,
PA6615,
PA6616,
PA6617,
PA6618,
PA6619,
PA6620,
PA6621,
PA6622,
PA6623,
PA6624,
PA6625,
PA6626,
PA6627,
PA6628,
PA6629,
PA6630,
PA6631,
PA6632,
PA6633,
PA6634,
PA6635,
PA6636,
PA6637,
PA6638,
PA6639,
PA6640,
PA6641,
PA6642,
PA6643,
PA6644,
PA6645,
PA6646,
PA6647,
PA6648,
PA6649,
PA6650,
PA6651,
PA6652,
PA6653,
PA6654,
PA6655,
PA6656,
PA6657,
PA6658,
PA6659,
PA6660,
PA6661,
PA6662,
PA6663,
PA6664,
PA6665,
PA6666,
PA6667,
PA6668,
PA6669,
PA6670,
PA6671,
PA6672,
PA6673,
PA6674,
PA6675,
PA6676,
PA6677,
PA6678,
PA6679,
PA6680,
PA6681,
PA6682,
PA6683,
PA6684,
PA6685,
PA6686,
PA6687,
PA6688,
PA6689,
PA6690,
PA6691,
PA6692,
PA6693,
PA6694,
PA6695,
PA6696,
PA6697,
PA6698,
PA6699,
PA6700,
PA6701,
PA6702,
PA6703,
PA6704,
PA6705,
PA6706,
PA6707,
PA6708,
PA6709,
PA6710,
PA6711,
PA6712,
PA6713,
PA6714,
PA6715,
PA6716,
PA6717,
PA6718,
PA6719,
PA6720,
PA6721,
PA6722,
PA6723,
PA6724,
PA6725,
PA6726,
PA6727,
PA6728,
PA6729,
PA6730,
PA6731,
PA6732,
PA6733,
PA6734,
PA6735,
PA6736,
PA6737,
PA6738,
PA6739,
PA6740,
PA6741,
PA6742,
PA6743,
PA6744,
PA6745,
PA6746,
PA6747,
PA6748,
PA6749,
PA6750,
